family,cls,mean_score,n,cond
ddp_7b,training,0.7662614339094626,42,ceiling
fsdp_tp_70b,training,0.9999606875800938,42,ceiling
fsdp_tp_32b,training,0.999880571733153,42,ceiling
pp_train_70b,training,0.999949400986201,42,ceiling
moe_train,training,0.7899258811817537,42,ceiling
diloco_13b,training,0.6395115047284291,42,ceiling
gradacc_32b,training,0.9999992239109435,42,ceiling
pp_serve_70b,serving,0.3009374109212002,42,ceiling
pp_serve_32b,serving,0.0039048845512848133,42,ceiling
moe_serve,serving,0.9264835022352229,42,ceiling
disagg_70b,serving,0.0001271144874288565,42,ceiling
coloc_70b,serving,0.053546978099806596,42,ceiling
ddp_7b,training,0.7538828948169237,42,null_dup
fsdp_tp_70b,training,0.9999559194966746,42,null_dup
fsdp_tp_32b,training,0.9998660686810223,42,null_dup
pp_train_70b,training,0.9999454771658111,42,null_dup
moe_train,training,0.8023879186766458,42,null_dup
diloco_13b,training,0.6394904428054841,42,null_dup
gradacc_32b,training,0.9999994721036626,42,null_dup
pp_serve_70b,serving,0.2791520943810161,42,null_dup
pp_serve_32b,serving,0.004390156184721182,42,null_dup
moe_serve,serving,0.9180031709861034,42,null_dup
disagg_70b,serving,0.00014933249015149018,42,null_dup
coloc_70b,serving,0.04693417252790642,42,null_dup
ddp_7b,training,0.0,42,hz0.2_w64
fsdp_tp_70b,training,0.9039522281382636,42,hz0.2_w64
fsdp_tp_32b,training,0.9195919459983932,42,hz0.2_w64
pp_train_70b,training,0.8932680811839272,42,hz0.2_w64
moe_train,training,0.9189613215972778,42,hz0.2_w64
diloco_13b,training,0.00045486201448989474,42,hz0.2_w64
gradacc_32b,training,0.9759565972149514,42,hz0.2_w64
pp_serve_70b,serving,0.5579665444041759,42,hz0.2_w64
pp_serve_32b,serving,0.2859615047422176,42,hz0.2_w64
moe_serve,serving,0.9974043374848823,42,hz0.2_w64
disagg_70b,serving,0.007871324577606798,42,hz0.2_w64
coloc_70b,serving,0.006038321737202481,42,hz0.2_w64
ddp_7b,training,0.00043004492973536804,42,hz0.2_w32
fsdp_tp_70b,training,0.4989877496528695,42,hz0.2_w32
fsdp_tp_32b,training,0.6336074015369849,42,hz0.2_w32
pp_train_70b,training,0.5886465185702071,42,hz0.2_w32
moe_train,training,0.5433002254574837,42,hz0.2_w32
diloco_13b,training,0.6720797642598819,42,hz0.2_w32
gradacc_32b,training,0.30360409058955024,42,hz0.2_w32
pp_serve_70b,serving,0.9282265761048624,42,hz0.2_w32
pp_serve_32b,serving,0.7712580750446227,42,hz0.2_w32
moe_serve,serving,0.7728761102876344,42,hz0.2_w32
disagg_70b,serving,0.03987004537247431,42,hz0.2_w32
coloc_70b,serving,0.003696606172459656,42,hz0.2_w32
ddp_7b,training,0.35370300057915033,42,hz0.5_w64
fsdp_tp_70b,training,0.9961479848395701,42,hz0.5_w64
fsdp_tp_32b,training,0.9841256143429915,42,hz0.5_w64
pp_train_70b,training,0.9639555941108756,42,hz0.5_w64
moe_train,training,0.598488696533477,42,hz0.5_w64
diloco_13b,training,0.6179692536430256,42,hz0.5_w64
gradacc_32b,training,0.9995673709754598,42,hz0.5_w64
pp_serve_70b,serving,0.20783517832235215,42,hz0.5_w64
pp_serve_32b,serving,0.0256971656069946,42,hz0.5_w64
moe_serve,serving,0.9111506238283512,42,hz0.5_w64
disagg_70b,serving,0.0001179057464710573,42,hz0.5_w64
coloc_70b,serving,0.1829462746673498,42,hz0.5_w64
ddp_7b,training,0.9999966692515198,42,hz0.5_w32
fsdp_tp_70b,training,0.5782893908651088,42,hz0.5_w32
fsdp_tp_32b,training,0.4740501166488042,42,hz0.5_w32
pp_train_70b,training,0.4891386219877688,42,hz0.5_w32
moe_train,training,0.2535738679529893,42,hz0.5_w32
diloco_13b,training,0.6634528719998223,42,hz0.5_w32
gradacc_32b,training,0.9977406671040269,42,hz0.5_w32
pp_serve_70b,serving,0.7743897011835078,42,hz0.5_w32
pp_serve_32b,serving,0.22507028581351746,42,hz0.5_w32
moe_serve,serving,0.9363640943337767,42,hz0.5_w32
disagg_70b,serving,0.009025428258727432,42,hz0.5_w32
coloc_70b,serving,0.003589078175465514,42,hz0.5_w32
ddp_7b,training,0.0,42,hz1_w64
fsdp_tp_70b,training,0.9987606508150129,42,hz1_w64
fsdp_tp_32b,training,0.9833591399879718,42,hz1_w64
pp_train_70b,training,0.9964544878683232,42,hz1_w64
moe_train,training,0.5908831328845876,42,hz1_w64
diloco_13b,training,0.5595385917999524,42,hz1_w64
gradacc_32b,training,0.9959180444537024,42,hz1_w64
pp_serve_70b,serving,0.2662590468980474,42,hz1_w64
pp_serve_32b,serving,0.009177114707267906,42,hz1_w64
moe_serve,serving,0.7702520968050289,42,hz1_w64
disagg_70b,serving,5.6876391689487535e-05,42,hz1_w64
coloc_70b,serving,0.167770980256234,42,hz1_w64
ddp_7b,training,9.666526380886676e-09,42,hz1_w32
fsdp_tp_70b,training,0.9990798261336715,42,hz1_w32
fsdp_tp_32b,training,0.9838546434678455,42,hz1_w32
pp_train_70b,training,0.9977859772406118,42,hz1_w32
moe_train,training,0.14629209658913428,42,hz1_w32
diloco_13b,training,0.7316759377386377,42,hz1_w32
gradacc_32b,training,0.9996704614421532,42,hz1_w32
pp_serve_70b,serving,0.12845408123105134,42,hz1_w32
pp_serve_32b,serving,0.03216604370305221,42,hz1_w32
moe_serve,serving,0.5972275227727976,42,hz1_w32
disagg_70b,serving,0.0016783317996822411,42,hz1_w32
coloc_70b,serving,0.006606962505564281,42,hz1_w32
ddp_7b,training,1.0,42,hz2_w64
fsdp_tp_70b,training,0.9984559193928142,42,hz2_w64
fsdp_tp_32b,training,0.9988231555968528,42,hz2_w64
pp_train_70b,training,0.9956151932124163,42,hz2_w64
moe_train,training,0.9093568815628463,42,hz2_w64
diloco_13b,training,0.6443072095559425,42,hz2_w64
gradacc_32b,training,0.18544192995803707,42,hz2_w64
pp_serve_70b,serving,0.5483125754170358,42,hz2_w64
pp_serve_32b,serving,0.0030061046022970047,42,hz2_w64
moe_serve,serving,0.764279542669792,42,hz2_w64
disagg_70b,serving,5.451421514133609e-05,42,hz2_w64
coloc_70b,serving,0.11093781334901646,42,hz2_w64
ddp_7b,training,1.0,42,hz2_w32
fsdp_tp_70b,training,0.9092582105815246,42,hz2_w32
fsdp_tp_32b,training,0.16890393786243169,42,hz2_w32
pp_train_70b,training,0.9374123905240401,42,hz2_w32
moe_train,training,0.9633165003739007,42,hz2_w32
diloco_13b,training,0.6665146124678867,42,hz2_w32
gradacc_32b,training,0.9999997469068491,42,hz2_w32
pp_serve_70b,serving,0.0021958776592274623,42,hz2_w32
pp_serve_32b,serving,0.8620134635645181,42,hz2_w32
moe_serve,serving,0.9608829650418662,42,hz2_w32
disagg_70b,serving,0.29163173616674753,42,hz2_w32
coloc_70b,serving,7.960881803828907e-06,42,hz2_w32
ddp_7b,training,1.0,42,hz5_w64
fsdp_tp_70b,training,0.9966105798715426,42,hz5_w64
fsdp_tp_32b,training,0.9996228516140248,42,hz5_w64
pp_train_70b,training,0.9996200467834202,42,hz5_w64
moe_train,training,0.6921418933335465,42,hz5_w64
diloco_13b,training,0.6451525769956227,42,hz5_w64
gradacc_32b,training,0.12972469088321445,42,hz5_w64
pp_serve_70b,serving,0.4788393024986468,42,hz5_w64
pp_serve_32b,serving,0.003114613418045166,42,hz5_w64
moe_serve,serving,0.8499531522165631,42,hz5_w64
disagg_70b,serving,6.974029059544822e-05,42,hz5_w64
coloc_70b,serving,0.0696152442986804,42,hz5_w64
ddp_7b,training,9.349166903843511e-11,42,hz5_w32
fsdp_tp_70b,training,0.9913971906297784,42,hz5_w32
fsdp_tp_32b,training,0.8481750916283711,42,hz5_w32
pp_train_70b,training,0.9933360762842951,42,hz5_w32
moe_train,training,0.008730998595505818,42,hz5_w32
diloco_13b,training,0.6428238817693898,42,hz5_w32
gradacc_32b,training,0.9999887689935211,42,hz5_w32
pp_serve_70b,serving,0.16391601791426014,42,hz5_w32
pp_serve_32b,serving,0.7938400391511774,42,hz5_w32
moe_serve,serving,0.9993087284885657,42,hz5_w32
disagg_70b,serving,0.021897868374401535,42,hz5_w32
coloc_70b,serving,0.002140650015632157,42,hz5_w32
ddp_7b,training,6.161798535476929e-06,42,hz10_w64
fsdp_tp_70b,training,0.9999952884503099,42,hz10_w64
fsdp_tp_32b,training,0.999778993909189,42,hz10_w64
pp_train_70b,training,0.9995624710049914,42,hz10_w64
moe_train,training,0.531865080856296,42,hz10_w64
diloco_13b,training,0.6433120354831261,42,hz10_w64
gradacc_32b,training,0.9815849821851037,42,hz10_w64
pp_serve_70b,serving,0.4070993817624017,42,hz10_w64
pp_serve_32b,serving,0.001291689068807149,42,hz10_w64
moe_serve,serving,0.9504172922387506,42,hz10_w64
disagg_70b,serving,3.826901456478547e-05,42,hz10_w64
coloc_70b,serving,0.07644643770409065,42,hz10_w64
ddp_7b,training,6.763090528586539e-14,42,hz10_w32
fsdp_tp_70b,training,0.9983959093041964,42,hz10_w32
fsdp_tp_32b,training,0.9965743664814186,42,hz10_w32
pp_train_70b,training,0.9972072346895262,42,hz10_w32
moe_train,training,0.0017695204391976766,42,hz10_w32
diloco_13b,training,0.6423006465521718,42,hz10_w32
gradacc_32b,training,0.9994108403796856,42,hz10_w32
pp_serve_70b,serving,0.16996049100423738,42,hz10_w32
pp_serve_32b,serving,0.6132971745553165,42,hz10_w32
moe_serve,serving,0.9866600276161529,42,hz10_w32
disagg_70b,serving,0.007089752018662944,42,hz10_w32
coloc_70b,serving,0.0034101913027048745,42,hz10_w32
ddp_7b,training,0.999982770187305,42,hz20_w64
fsdp_tp_70b,training,0.9999223353282687,42,hz20_w64
fsdp_tp_32b,training,0.999845799994844,42,hz20_w64
pp_train_70b,training,0.9997670886332598,42,hz20_w64
moe_train,training,0.7831208044008457,42,hz20_w64
diloco_13b,training,0.6433564765283086,42,hz20_w64
gradacc_32b,training,0.9999995409184445,42,hz20_w64
pp_serve_70b,serving,0.26002795417521796,42,hz20_w64
pp_serve_32b,serving,0.0024284632337629774,42,hz20_w64
moe_serve,serving,0.8840418425863054,42,hz20_w64
disagg_70b,serving,9.139579360267505e-05,42,hz20_w64
coloc_70b,serving,0.044337457749608976,42,hz20_w64
ddp_7b,training,0.9909240193601928,42,hz20_w32
fsdp_tp_70b,training,0.9999258291274696,42,hz20_w32
fsdp_tp_32b,training,0.9984439936820957,42,hz20_w32
pp_train_70b,training,0.9987097039169822,42,hz20_w32
moe_train,training,0.10151397764698174,42,hz20_w32
diloco_13b,training,0.6333340381952501,42,hz20_w32
gradacc_32b,training,0.9956473059095432,42,hz20_w32
pp_serve_70b,serving,0.26413968807691063,42,hz20_w32
pp_serve_32b,serving,0.1705966268508292,42,hz20_w32
moe_serve,serving,0.786796320140232,42,hz20_w32
disagg_70b,serving,0.0017852517553039108,42,hz20_w32
coloc_70b,serving,0.012449126140046694,42,hz20_w32
ddp_7b,training,5.7073344160100844e-40,42,hz50_w64
fsdp_tp_70b,training,0.9999614369082078,42,hz50_w64
fsdp_tp_32b,training,0.9998816094920644,42,hz50_w64
pp_train_70b,training,0.9999502928585775,42,hz50_w64
moe_train,training,0.78571837883743,42,hz50_w64
diloco_13b,training,0.6395103213192003,42,hz50_w64
gradacc_32b,training,0.9999993081565977,42,hz50_w64
pp_serve_70b,serving,0.302511122438552,42,hz50_w64
pp_serve_32b,serving,0.003921772549395476,42,hz50_w64
moe_serve,serving,0.9272389762271447,42,hz50_w64
disagg_70b,serving,0.00011503332410505208,42,hz50_w64
coloc_70b,serving,0.045014688402338535,42,hz50_w64
ddp_7b,training,1.0,42,hz50_w32
fsdp_tp_70b,training,0.9999355930627696,42,hz50_w32
fsdp_tp_32b,training,0.9999305727484407,42,hz50_w32
pp_train_70b,training,0.999923165675303,42,hz50_w32
moe_train,training,0.2778724068223331,42,hz50_w32
diloco_13b,training,0.6429747878319609,42,hz50_w32
gradacc_32b,training,1.0,42,hz50_w32
pp_serve_70b,serving,0.23627420523369713,42,hz50_w32
pp_serve_32b,serving,0.2275581323575096,42,hz50_w32
moe_serve,serving,0.8414333865800925,42,hz50_w32
disagg_70b,serving,0.0025782153976487963,42,hz50_w32
coloc_70b,serving,0.012243315740511573,42,hz50_w32
ddp_7b,training,1.3911816907300598e-05,42,skew0.0ms
fsdp_tp_70b,training,0.9999952753079521,42,skew0.0ms
fsdp_tp_32b,training,0.9997791154223241,42,skew0.0ms
pp_train_70b,training,0.9995626955094342,42,skew0.0ms
moe_train,training,0.5317605049814099,42,skew0.0ms
diloco_13b,training,0.6433117954745152,42,skew0.0ms
gradacc_32b,training,0.9816389835134659,42,skew0.0ms
pp_serve_70b,serving,0.4072131467216413,42,skew0.0ms
pp_serve_32b,serving,0.0012919062694618415,42,skew0.0ms
moe_serve,serving,0.9504061502106835,42,skew0.0ms
disagg_70b,serving,3.8283060933461306e-05,42,skew0.0ms
coloc_70b,serving,0.07641034205499546,42,skew0.0ms
ddp_7b,training,6.161798535476929e-06,42,skew1.0ms
fsdp_tp_70b,training,0.9999952884503099,42,skew1.0ms
fsdp_tp_32b,training,0.999778993909189,42,skew1.0ms
pp_train_70b,training,0.9995624710049914,42,skew1.0ms
moe_train,training,0.531865080856296,42,skew1.0ms
diloco_13b,training,0.6433120354831261,42,skew1.0ms
gradacc_32b,training,0.9815849821851037,42,skew1.0ms
pp_serve_70b,serving,0.4070993817624017,42,skew1.0ms
pp_serve_32b,serving,0.001291689068807149,42,skew1.0ms
moe_serve,serving,0.9504172922387506,42,skew1.0ms
disagg_70b,serving,3.826901456478547e-05,42,skew1.0ms
coloc_70b,serving,0.07644643770409065,42,skew1.0ms
ddp_7b,training,0.0004320504827925832,42,skew10.0ms
fsdp_tp_70b,training,0.9999956810916315,42,skew10.0ms
fsdp_tp_32b,training,0.999774663184373,42,skew10.0ms
pp_train_70b,training,0.9995502127660837,42,skew10.0ms
moe_train,training,0.5315687576899566,42,skew10.0ms
diloco_13b,training,0.643314327523767,42,skew10.0ms
gradacc_32b,training,0.9817577176004678,42,skew10.0ms
pp_serve_70b,serving,0.40590043849278873,42,skew10.0ms
pp_serve_32b,serving,0.0012924298950714587,42,skew10.0ms
moe_serve,serving,0.9509291652689892,42,skew10.0ms
disagg_70b,serving,3.9337144002152785e-05,42,skew10.0ms
coloc_70b,serving,0.07556870047271287,42,skew10.0ms
ddp_7b,training,1.0,42,skew100.0ms
fsdp_tp_70b,training,0.9999995726391804,42,skew100.0ms
fsdp_tp_32b,training,0.9992177239981481,42,skew100.0ms
pp_train_70b,training,0.9983635700845392,42,skew100.0ms
moe_train,training,0.4116522295206048,42,skew100.0ms
diloco_13b,training,0.6432978233379865,42,skew100.0ms
gradacc_32b,training,0.9880429352779878,42,skew100.0ms
pp_serve_70b,serving,0.42841196283353483,42,skew100.0ms
pp_serve_32b,serving,0.0034094086755202184,42,skew100.0ms
moe_serve,serving,0.990941785231224,42,skew100.0ms
disagg_70b,serving,9.892123887674367e-05,42,skew100.0ms
coloc_70b,serving,0.055122176693872475,42,skew100.0ms
ddp_7b,training,0.0001681600157636662,42,skew1000.0ms
fsdp_tp_70b,training,0.9999890722743549,42,skew1000.0ms
fsdp_tp_32b,training,0.9989121616766623,42,skew1000.0ms
pp_train_70b,training,0.994594425183813,42,skew1000.0ms
moe_train,training,0.3916926803760648,42,skew1000.0ms
diloco_13b,training,0.6432698989496393,42,skew1000.0ms
gradacc_32b,training,0.9473489214021258,42,skew1000.0ms
pp_serve_70b,serving,0.4254692930330596,42,skew1000.0ms
pp_serve_32b,serving,0.003554134170279271,42,skew1000.0ms
moe_serve,serving,0.9888913948312421,42,skew1000.0ms
disagg_70b,serving,9.561887774952715e-05,42,skew1000.0ms
coloc_70b,serving,0.05515675432155923,42,skew1000.0ms
ddp_7b,training,0.9992480431785602,42,read0us
fsdp_tp_70b,training,0.9999953553548037,42,read0us
fsdp_tp_32b,training,0.9997835140219845,42,read0us
pp_train_70b,training,0.9995540909145013,42,read0us
moe_train,training,0.5336962669082189,42,read0us
diloco_13b,training,0.6433161713631231,42,read0us
gradacc_32b,training,0.9832619276423028,42,read0us
pp_serve_70b,serving,0.40564146703201953,42,read0us
pp_serve_32b,serving,0.0012872622490431277,42,read0us
moe_serve,serving,0.9500499567828025,42,read0us
disagg_70b,serving,4.001009937815251e-05,42,read0us
coloc_70b,serving,0.07862951337898424,42,read0us
ddp_7b,training,1.0,42,read100us
fsdp_tp_70b,training,0.9999953421958736,42,read100us
fsdp_tp_32b,training,0.9997756900007071,42,read100us
pp_train_70b,training,0.9995630115768565,42,read100us
moe_train,training,0.5309417542514986,42,read100us
diloco_13b,training,0.643309548722742,42,read100us
gradacc_32b,training,0.9814932658962657,42,read100us
pp_serve_70b,serving,0.40872158446736057,42,read100us
pp_serve_32b,serving,0.0012705580774203052,42,read100us
moe_serve,serving,0.9509491013262126,42,read100us
disagg_70b,serving,3.770537570345477e-05,42,read100us
coloc_70b,serving,0.07657219305575351,42,read100us
ddp_7b,training,1.0,42,read1000us
fsdp_tp_70b,training,0.9999959605161027,42,read1000us
fsdp_tp_32b,training,0.9997569639526354,42,read1000us
pp_train_70b,training,0.9995044689386409,42,read1000us
moe_train,training,0.509814318789733,42,read1000us
diloco_13b,training,0.6432728155429098,42,read1000us
gradacc_32b,training,0.8574632232703501,42,read1000us
pp_serve_70b,serving,0.43724650211158816,42,read1000us
pp_serve_32b,serving,0.001212722409036701,42,read1000us
moe_serve,serving,0.9578285013991616,42,read1000us
disagg_70b,serving,2.6107232910967513e-05,42,read1000us
coloc_70b,serving,0.03622346840727889,42,read1000us
ddp_7b,training,0.9667546366057184,42,read10000us
fsdp_tp_70b,training,0.9999568502070799,42,read10000us
fsdp_tp_32b,training,0.9995949866896904,42,read10000us
pp_train_70b,training,0.999162766008516,42,read10000us
moe_train,training,0.6103861265997159,42,read10000us
diloco_13b,training,0.6433198979773413,42,read10000us
gradacc_32b,training,0.6963198495726156,42,read10000us
pp_serve_70b,serving,0.36700249470486174,42,read10000us
pp_serve_32b,serving,0.0020569125703492224,42,read10000us
moe_serve,serving,0.9219081318722482,42,read10000us
disagg_70b,serving,3.3626401787516135e-06,42,read10000us
coloc_70b,serving,0.0001878165456099234,42,read10000us
